token,pos,count
물가,NNG,7
경제,NNG,7
통화정책,NNG,7
GDP,NNG,5
석유,NNG,5
유지,NNG,5
제외,NNG,5
자료,NNG,5
상승률,NNG,5
금리,NNG,5
농산물,NNG,4
수도권,NNG,4
세계,NNG,4
한국은행,NNG,4
지속,NNG,4
전기비,NNG,4
경기,NNG,3
금융시장,NNG,3
기준금리,NNG,3
나타내,VV,3
소비자,NNG,3
수준,NNG,3
성장세,NNG,3
신흥시장국,NNG,3
영향,NNG,3
변화,NNG,3
미국,NNG,3
대비,NNG,3
방향,NNG,3
하락,NNG,3
정책,NNG,3
전년,NNG,3
회복세,NNG,3
월비,NNG,2
소비,NNG,2
실물,NNG,2
다소,MAG,2
당분간,MAG,2
모습,NNG,2
동기,NNG,2
배경,NNG,2
기준,NNG,2
공공,NNG,2
수출,NNG,2
약화,NNG,2
유로지역,NNG,2
주택매매가격,NNG,2
주요국,NNG,2
주가,NNG,2
전세가격,NNG,2
전월,NNG,2
전망,NNG,2
사고,NNG,2
생산,NNG,2
성장률,NNG,2
세월,NNG,2
서비스업,NNG,2
선진국,NNG,2
완화,NNG,2
점차,MAG,2
운용,NNG,2
or,SL,2
금융통화위원회,NNG,2
기말,NNG,2
건설,NNG,2
bok,SL,2
Tel,SL,2
kr,SL,2
투자,NNG,2
환율,NNG,2
행정,NNG,2
축소,NNG,2
중심,NNG,2
가운데,NNG,1
결정,NNG,1
www,SL,1
Fax,SL,1
KOSPI,NNG,1
CEIC,SL,1
Eurostat,SL,1
Bloomberg,SL,1
CD,NNG,1
cschang,SL,1
http,SL,1
부문,NNG,1
보였으나,VV,1
보도자료,NNG,1
범위,NNG,1
바랍니다,VV,1
모두,MAG,1
미연준,NNG,1
민간,NNG,1
면밀히,MAG,1
목표,NNG,1
대전,NNP,1
독일,NNG,1
동월,NNG,1
둔화,NNG,1
따른,VV,1
마이너스,NNG,1
내수,NNG,1
농축수산물,NNG,1
다음,NNG,1
대구,NNP,1
달러,NNG,1
광주,NNP,1
광역시,NNG,1
국채,NNG,1
기대,NNG,1
기간,NNG,1
근원,NNG,1
글로벌,NNG,1
기조,NNG,1
기자간담회,NNG,1
기성액,NNG,1
내각부,NNP,1
공업,NNG,1
공보실,NNP,1
공보,NNG,1
고용,NNG,1
결정시,NNG,1
관련,NNG,1
국민은행,NNP,1
국방,NNG,1
국고채,NNG,1
국내,NNG,1
국가,NNG,1
mail,SL,1
가격,NNG,1
가능성,NNG,1
사회보장,NNG,1
비연,NNG,1
수록,NNG,1
소폭,MAG,1
소매,NNG,1
설비투자지수,NNG,1
설비,NNG,1
서울,NNP,1
분기,NNG,1
부진,NNG,1
서비스,NNG,1
상태,NNG,1
상승,NNG,1
상존,NNG,1
상무부,NNP,1
브라질,NNG,1
붙임,NNG,1
부산,NNP,1
이상,NNG,1
유입,NNG,1
유의,NNG,1
위험요인,NNG,1
월평균,NNG,1
위축,NNG,1
움직임,NNG,1
원달러환율,NNG,1
완만,NNG,1
외국인,NNG,1
울산,NNP,1
연간,NNG,1
영국,NNG,1
예년,NNG,1
예상,NNG,1
오름세,NNG,1
시계,NNG,1
수치,NNG,1
시장,NNG,1
안정,NNG,1
여건,NNG,1
연령,NNG,1
인플레이션율,NNG,1
일본,NNG,1
전년동기비,NNG,1
장기,NNG,1
장정수,NNP,1
전기,NNG,1
이후,NNG,1
인도,NNG,1
인천,NNP,1
인터넷,NNG,1
중국,NNG,1
주택가격,NNG,1
주택,NNG,1
주춤,MAG,1
주요,NNG,1
점검,NNG,1
제조업,NNG,1
제품,NNG,1
일평균,NNG,1
일부,NNG,1
지원,NNG,1
증가세,NNG,1
증감,NNG,1
증권,NNG,1
지방,NNG,1
중기,NNG,1
취업자수증감,NNG,1
취업자수,NNG,1
취급,NNG,1
총괄팀,NNP,1
차장,NNP,1
참조,NNG,1
지표,NNG,1
통관,NNG,1
포시,NNG,1
판매,NNG,1
투자자금,NNG,1
통화정책국,NNP,1
향후,MAG,1
해외,NNG,1
호조,NNG,1
회복,NNG,1
